gender,race,parental level of education,lunch,test preparation course,math score,reading score,writing score,fecha-exa,es_publica
female,group B,bachelor's degree,standard,none,72,72,74,19/04/2018,NO
female,group C,some college,standard,completed,69,90,88,18/08/2018,NO
female,group B,master's degree,standard,none,90,95,93,11/11/2018,SI
male,group A,associate's degree,free/reduced,none,47,57,44,09/06/2018,NO
male,group C,some college,standard,none,76,78,75,05/01/2018,SI
female,group B,associate's degree,standard,none,71,83,78,04/08/2018,SI
female,group B,some college,standard,completed,88,95,92,11/02/2018,SI
male,group B,some college,free/reduced,none,40,43,39,18/02/2018,NO
male,group D,high school,free/reduced,completed,64,64,67,05/05/2018,NO
female,group B,high school,free/reduced,none,38,60,50,01/02/2018,NO
male,group C,associate's degree,standard,none,58,54,52,27/01/2018,NO
male,group D,associate's degree,standard,none,40,52,43,20/08/2018,NO
female,group B,high school,standard,none,65,81,73,20/11/2018,SI
male,group A,some college,standard,completed,78,72,70,20/03/2018,SI
female,group A,master's degree,standard,none,50,53,58,06/01/2018,NO
female,group C,some high school,standard,none,69,75,78,13/09/2018,NO
male,group C,high school,standard,none,88,89,86,30/11/2018,SI
female,group B,some high school,free/reduced,none,18,32,28,10/01/2018,NO
male,group C,master's degree,free/reduced,completed,46,42,46,28/12/2018,NO
female,group C,associate's degree,free/reduced,none,54,58,61,20/11/2018,SI
male,group D,high school,standard,none,66,69,63,08/09/2018,NO
female,group B,some college,free/reduced,completed,65,75,70,17/11/2018,NO
male,group D,some college,standard,none,44,54,53,20/03/2018,SI
female,group C,some high school,standard,none,69,73,73,04/08/2018,NO
male,group D,bachelor's degree,free/reduced,completed,74,71,80,26/02/2018,NO
male,group A,master's degree,free/reduced,none,73,74,72,08/07/2018,NO
male,group B,some college,standard,none,69,54,55,05/06/2018,SI
female,group C,bachelor's degree,standard,none,67,69,75,24/02/2018,NO
male,group C,high school,standard,none,70,70,65,26/02/2018,SI
female,group D,master's degree,standard,none,62,70,75,03/02/2018,SI
female,group D,some college,standard,none,69,74,74,07/03/2018,NO
female,group B,some college,standard,none,63,65,61,26/05/2018,SI
female,group E,master's degree,free/reduced,none,56,72,65,29/09/2018,SI
male,group D,some college,standard,none,40,42,38,22/11/2018,NO
male,group E,some college,standard,none,97,87,82,19/05/2018,SI
male,group E,associate's degree,standard,completed,81,81,79,28/07/2018,NO
female,group D,associate's degree,standard,none,74,81,83,29/01/2018,SI
female,group D,some high school,free/reduced,none,50,64,59,23/11/2018,SI
female,group D,associate's degree,free/reduced,completed,75,90,88,17/12/2018,NO
male,group B,associate's degree,free/reduced,none,57,56,57,02/05/2018,NO
male,group C,associate's degree,free/reduced,none,55,61,54,06/09/2018,NO
female,group C,associate's degree,standard,none,58,73,68,03/08/2018,NO
female,group B,associate's degree,standard,none,53,58,65,04/04/2018,NO
male,group B,some college,free/reduced,completed,59,65,66,29/06/2018,SI
female,group E,associate's degree,free/reduced,none,50,56,54,20/08/2018,NO
male,group B,associate's degree,standard,none,65,54,57,05/10/2018,SI
female,group A,associate's degree,standard,completed,55,65,62,31/08/2018,NO
female,group C,high school,standard,none,66,71,76,16/10/2018,NO
female,group D,associate's degree,free/reduced,completed,57,74,76,09/04/2018,SI
male,group C,high school,standard,completed,82,84,82,17/12/2018,NO
male,group E,some college,standard,none,53,55,48,21/09/2018,NO
male,group E,associate's degree,free/reduced,completed,77,69,68,31/07/2018,SI
male,group C,some college,standard,none,53,44,42,18/08/2018,SI
male,group D,high school,standard,none,88,78,75,26/04/2018,NO
female,group C,some high school,free/reduced,completed,71,84,87,17/12/2018,SI
female,group C,high school,free/reduced,none,33,41,43,09/05/2018,NO
female,group E,associate's degree,standard,completed,82,85,86,05/07/2018,NO
male,group D,associate's degree,standard,none,52,55,49,15/12/2018,NO
male,group D,some college,standard,completed,58,59,58,06/02/2018,NO
female,group C,some high school,free/reduced,none,0,17,10,27/02/2018,NO
male,group E,bachelor's degree,free/reduced,completed,79,74,72,16/07/2018,SI
male,group A,some high school,free/reduced,none,39,39,34,22/08/2018,SI
male,group A,associate's degree,free/reduced,none,62,61,55,19/08/2018,SI
female,group C,associate's degree,standard,none,69,80,71,07/12/2018,NO
female,group D,some high school,standard,none,59,58,59,04/04/2018,NO
male,group B,some high school,standard,none,67,64,61,26/12/2018,SI
male,group D,some high school,free/reduced,none,45,37,37,29/01/2018,SI
female,group C,some college,standard,none,60,72,74,22/05/2018,SI
male,group B,associate's degree,free/reduced,none,61,58,56,29/04/2018,NO
female,group C,associate's degree,standard,none,39,64,57,28/06/2018,NO
female,group D,some college,free/reduced,completed,58,63,73,30/08/2018,SI
male,group D,some college,standard,completed,63,55,63,05/11/2018,SI
female,group A,associate's degree,free/reduced,none,41,51,48,23/11/2018,SI
male,group C,some high school,free/reduced,none,61,57,56,22/06/2018,NO
male,group C,some high school,standard,none,49,49,41,28/04/2018,SI
male,group B,associate's degree,free/reduced,none,44,41,38,23/01/2018,NO
male,group E,some high school,standard,none,30,26,22,23/03/2018,SI
male,group A,bachelor's degree,standard,completed,80,78,81,21/01/2018,NO
female,group D,some high school,standard,completed,61,74,72,15/04/2018,NO
female,group E,master's degree,standard,none,62,68,68,25/07/2018,SI
female,group B,associate's degree,standard,none,47,49,50,18/04/2018,NO
male,group B,high school,free/reduced,none,49,45,45,15/04/2018,NO
male,group A,some college,free/reduced,completed,50,47,54,09/10/2018,NO
male,group E,associate's degree,standard,none,72,64,63,29/08/2018,NO
male,group D,high school,free/reduced,none,42,39,34,05/07/2018,SI
female,group C,some college,standard,none,73,80,82,02/11/2018,NO
female,group C,some college,free/reduced,none,76,83,88,10/10/2018,SI
female,group D,associate's degree,standard,none,71,71,74,22/07/2018,NO
female,group A,some college,standard,none,58,70,67,07/07/2018,SI
female,group D,some high school,standard,none,73,86,82,11/03/2018,SI
female,group C,bachelor's degree,standard,none,65,72,74,04/06/2018,NO
male,group C,high school,free/reduced,none,27,34,36,27/11/2018,NO
male,group C,high school,standard,none,71,79,71,24/12/2018,SI
male,group C,associate's degree,free/reduced,completed,43,45,50,11/05/2018,NO
female,group B,some college,standard,none,79,86,92,13/12/2018,NO
male,group C,associate's degree,free/reduced,completed,78,81,82,03/06/2018,SI
male,group B,some high school,standard,completed,65,66,62,29/06/2018,SI
female,group E,some college,standard,completed,63,72,70,09/12/2018,SI
female,group D,some college,free/reduced,none,58,67,62,18/02/2018,SI
female,group D,bachelor's degree,standard,none,65,67,62,11/08/2018,SI
male,group B,some college,standard,none,79,67,67,02/11/2018,NO
male,group D,bachelor's degree,standard,completed,68,74,74,04/01/2018,NO
female,group D,associate's degree,standard,none,85,91,89,26/05/2018,SI
male,group B,high school,standard,completed,60,44,47,05/07/2018,NO
male,group C,some college,standard,completed,98,86,90,10/03/2018,NO
female,group C,some college,standard,none,58,67,72,03/03/2018,SI
female,group D,master's degree,standard,none,87,100,100,22/07/2018,SI
male,group E,associate's degree,standard,completed,66,63,64,29/07/2018,SI
female,group B,associate's degree,free/reduced,none,52,76,70,25/07/2018,NO
female,group B,some high school,standard,none,70,64,72,07/11/2018,SI
female,group D,associate's degree,free/reduced,completed,77,89,98,15/12/2018,NO
male,group C,high school,standard,none,62,55,49,22/11/2018,NO
male,group A,associate's degree,standard,none,54,53,47,03/01/2018,NO
female,group D,some college,standard,none,51,58,54,01/11/2018,SI
female,group E,bachelor's degree,standard,completed,99,100,100,06/12/2018,SI
male,group C,high school,standard,none,84,77,74,15/11/2018,NO
female,group B,bachelor's degree,free/reduced,none,75,85,82,03/08/2018,NO
female,group D,bachelor's degree,standard,none,78,82,79,13/06/2018,SI
female,group D,some high school,standard,none,51,63,61,02/04/2018,SI
female,group C,some college,standard,none,55,69,65,03/08/2018,NO
female,group C,bachelor's degree,standard,completed,79,92,89,27/09/2018,SI
male,group B,associate's degree,standard,completed,91,89,92,06/03/2018,SI
female,group C,some college,standard,completed,88,93,93,07/10/2018,SI
male,group D,high school,free/reduced,none,63,57,56,24/10/2018,NO
male,group E,some college,standard,none,83,80,73,26/02/2018,SI
female,group B,high school,standard,none,87,95,86,05/10/2018,SI
male,group B,some high school,standard,none,72,68,67,13/09/2018,NO
male,group D,some college,standard,completed,65,77,74,04/05/2018,SI
male,group D,master's degree,standard,none,82,82,74,08/06/2018,NO
female,group A,bachelor's degree,standard,none,51,49,51,04/11/2018,NO
male,group D,master's degree,standard,none,89,84,82,21/07/2018,SI
male,group C,some high school,free/reduced,completed,53,37,40,16/08/2018,SI
male,group E,some college,free/reduced,completed,87,74,70,25/01/2018,NO
female,group C,some college,standard,completed,75,81,84,31/10/2018,NO
male,group D,bachelor's degree,free/reduced,completed,74,79,75,21/11/2018,SI
male,group C,bachelor's degree,standard,none,58,55,48,22/08/2018,NO
male,group B,some high school,standard,completed,51,54,41,02/06/2018,SI
male,group E,high school,standard,none,70,55,56,08/10/2018,SI
female,group C,associate's degree,standard,none,59,66,67,27/10/2018,SI
male,group D,some college,standard,completed,71,61,69,13/05/2018,SI
female,group D,some high school,standard,none,76,72,71,10/12/2018,NO
female,group C,some college,free/reduced,none,59,62,64,13/03/2018,SI
female,group E,some college,free/reduced,completed,42,55,54,11/06/2018,NO
male,group A,high school,standard,none,57,43,47,22/06/2018,NO
male,group D,some college,standard,none,88,73,78,14/08/2018,NO
female,group C,some college,free/reduced,none,22,39,33,20/02/2018,NO
male,group B,some high school,standard,none,88,84,75,23/08/2018,NO
male,group C,associate's degree,free/reduced,none,73,68,66,06/12/2018,SI
female,group D,bachelor's degree,standard,completed,68,75,81,23/11/2018,SI
male,group E,associate's degree,free/reduced,completed,100,100,93,03/12/2018,NO
male,group A,some high school,standard,completed,62,67,69,21/01/2018,NO
male,group A,bachelor's degree,standard,none,77,67,68,01/01/2018,NO
female,group B,associate's degree,standard,completed,59,70,66,17/02/2018,NO
male,group D,bachelor's degree,standard,none,54,49,47,17/06/2018,SI
male,group D,some high school,standard,none,62,67,61,26/04/2018,NO
female,group C,some college,standard,completed,70,89,88,12/01/2018,NO
female,group E,high school,free/reduced,completed,66,74,78,24/01/2018,NO
male,group B,some college,free/reduced,none,60,60,60,21/09/2018,NO
female,group B,associate's degree,standard,completed,61,86,87,27/02/2018,NO
male,group D,associate's degree,free/reduced,none,66,62,64,03/06/2018,SI
male,group B,associate's degree,free/reduced,completed,82,78,74,13/10/2018,SI
female,group E,some college,free/reduced,completed,75,88,85,18/12/2018,NO
male,group B,master's degree,free/reduced,none,49,53,52,27/03/2018,NO
male,group C,high school,standard,none,52,53,49,08/09/2018,NO
female,group E,master's degree,standard,none,81,92,91,01/12/2018,NO
female,group C,bachelor's degree,standard,completed,96,100,100,23/11/2018,NO
male,group C,high school,free/reduced,completed,53,51,51,05/10/2018,NO
female,group B,master's degree,free/reduced,completed,58,76,78,22/05/2018,NO
female,group B,high school,standard,completed,68,83,78,06/09/2018,SI
female,group C,some college,free/reduced,completed,67,75,70,12/07/2018,NO
male,group A,high school,standard,completed,72,73,74,11/06/2018,NO
male,group E,some high school,standard,none,94,88,78,16/09/2018,SI
female,group D,some college,standard,none,79,86,81,28/03/2018,NO
female,group C,associate's degree,standard,none,63,67,70,28/10/2018,NO
female,group C,bachelor's degree,free/reduced,completed,43,51,54,05/02/2018,NO
female,group C,master's degree,standard,completed,81,91,87,10/10/2018,NO
female,group B,high school,free/reduced,completed,46,54,58,08/02/2018,NO
female,group C,associate's degree,standard,completed,71,77,77,25/11/2018,SI
female,group B,master's degree,free/reduced,completed,52,70,62,26/02/2018,SI
female,group D,some high school,standard,completed,97,100,100,11/10/2018,NO
male,group C,master's degree,free/reduced,completed,62,68,75,08/01/2018,NO
female,group C,some college,free/reduced,none,46,64,66,13/08/2018,NO
female,group E,high school,standard,none,50,50,47,26/06/2018,SI
female,group D,associate's degree,standard,none,65,69,70,30/04/2018,SI
male,group C,some high school,free/reduced,completed,45,52,49,16/11/2018,NO
male,group C,associate's degree,free/reduced,completed,65,67,65,04/07/2018,NO
male,group E,high school,standard,none,80,76,65,27/02/2018,NO
male,group D,some high school,standard,completed,62,66,68,01/08/2018,SI
male,group B,some high school,free/reduced,none,48,52,45,06/12/2018,NO
female,group C,bachelor's degree,standard,none,77,88,87,17/03/2018,NO
female,group E,associate's degree,standard,none,66,65,69,09/12/2018,NO
male,group D,some college,standard,completed,76,83,79,23/01/2018,SI
female,group B,some high school,standard,none,62,64,66,06/02/2018,NO
male,group D,some college,standard,completed,77,62,62,07/07/2018,SI
female,group C,master's degree,standard,completed,69,84,85,16/05/2018,NO
male,group D,associate's degree,standard,none,61,55,52,01/12/2018,SI
male,group C,some high school,free/reduced,completed,59,69,65,20/07/2018,SI
male,group E,high school,free/reduced,none,55,56,51,24/11/2018,SI
female,group B,some college,free/reduced,none,45,53,55,14/04/2018,NO
female,group B,bachelor's degree,free/reduced,none,78,79,76,28/10/2018,NO
female,group C,associate's degree,standard,completed,67,84,86,06/05/2018,NO
female,group D,some college,free/reduced,none,65,81,77,30/06/2018,SI
male,group C,associate's degree,standard,none,69,77,69,18/03/2018,SI
female,group B,associate's degree,standard,none,57,69,68,12/04/2018,SI
male,group C,some college,standard,none,59,41,42,29/11/2018,SI
male,group D,some high school,standard,completed,74,71,78,19/03/2018,SI
male,group E,bachelor's degree,standard,none,82,62,62,09/08/2018,NO
male,group E,high school,standard,completed,81,80,76,17/03/2018,SI
female,group B,some college,free/reduced,none,74,81,76,07/09/2018,SI
female,group B,some college,free/reduced,none,58,61,66,14/09/2018,NO
male,group D,some high school,free/reduced,completed,80,79,79,31/03/2018,NO
male,group C,some college,free/reduced,none,35,28,27,24/09/2018,NO
female,group C,high school,free/reduced,none,42,62,60,01/11/2018,SI
male,group C,associate's degree,free/reduced,completed,60,51,56,08/11/2018,NO
male,group E,high school,standard,completed,87,91,81,31/03/2018,SI
male,group B,some high school,standard,completed,84,83,75,30/03/2018,SI
female,group E,associate's degree,free/reduced,completed,83,86,88,19/04/2018,SI
female,group C,high school,free/reduced,none,34,42,39,06/11/2018,SI
male,group B,high school,free/reduced,none,66,77,70,16/11/2018,NO
male,group B,some high school,standard,completed,61,56,56,11/12/2018,SI
female,group D,high school,standard,completed,56,68,74,15/06/2018,SI
male,group B,associate's degree,standard,none,87,85,73,09/03/2018,NO
female,group C,some high school,free/reduced,none,55,65,62,24/01/2018,SI
male,group D,some high school,standard,none,86,80,75,07/01/2018,NO
female,group B,associate's degree,standard,completed,52,66,73,14/12/2018,NO
female,group E,master's degree,free/reduced,none,45,56,54,05/10/2018,NO
female,group C,some college,standard,none,72,72,71,21/05/2018,SI
male,group D,high school,standard,none,57,50,54,14/02/2018,SI
male,group A,some high school,free/reduced,none,68,72,64,05/10/2018,SI
female,group C,some college,standard,completed,88,95,94,20/05/2018,NO
male,group D,some college,standard,none,76,64,66,30/01/2018,NO
male,group C,associate's degree,standard,none,46,43,42,29/11/2018,SI
female,group B,bachelor's degree,standard,none,67,86,83,10/06/2018,SI
male,group E,some high school,standard,none,92,87,78,15/01/2018,SI
male,group C,bachelor's degree,standard,completed,83,82,84,20/11/2018,SI
male,group D,associate's degree,standard,none,80,75,77,18/02/2018,NO
male,group D,bachelor's degree,free/reduced,none,63,66,67,15/12/2018,NO
female,group D,some high school,standard,completed,64,60,74,22/11/2018,NO
male,group B,some college,standard,none,54,52,51,13/03/2018,NO
male,group C,associate's degree,standard,none,84,80,80,22/12/2018,NO
male,group D,high school,free/reduced,completed,73,68,66,23/12/2018,SI
female,group E,bachelor's degree,standard,none,80,83,83,03/06/2018,SI
female,group D,high school,standard,none,56,52,55,06/05/2018,SI
male,group E,some college,standard,none,59,51,43,03/05/2018,SI
male,group D,some high school,standard,none,75,74,69,14/09/2018,NO
male,group C,associate's degree,standard,none,85,76,71,05/04/2018,SI
male,group E,associate's degree,standard,none,89,76,74,18/04/2018,NO
female,group B,high school,standard,completed,58,70,68,30/07/2018,NO
female,group B,high school,standard,none,65,64,62,05/07/2018,NO
male,group C,high school,standard,none,68,60,53,12/03/2018,NO
male,group A,some high school,standard,completed,47,49,49,05/04/2018,SI
female,group D,some college,free/reduced,none,71,83,83,16/06/2018,SI
female,group B,some high school,standard,completed,60,70,70,19/07/2018,SI
male,group D,master's degree,standard,none,80,80,72,22/06/2018,NO
male,group D,high school,standard,none,54,52,52,01/03/2018,NO
female,group E,some college,standard,none,62,73,70,26/02/2018,NO
female,group C,associate's degree,free/reduced,none,64,73,68,14/07/2018,NO
male,group C,associate's degree,standard,completed,78,77,77,19/06/2018,SI
female,group B,some college,standard,none,70,75,78,23/01/2018,NO
female,group C,master's degree,free/reduced,completed,65,81,81,04/09/2018,SI
female,group C,some high school,free/reduced,completed,64,79,77,25/06/2018,NO
male,group C,some college,standard,completed,79,79,78,08/04/2018,NO
female,group C,some high school,free/reduced,none,44,50,51,07/06/2018,SI
female,group E,high school,standard,none,99,93,90,21/11/2018,SI
male,group D,high school,standard,none,76,73,68,05/09/2018,NO
male,group D,some high school,free/reduced,none,59,42,41,09/11/2018,NO
female,group C,bachelor's degree,standard,none,63,75,81,04/08/2018,SI
female,group D,high school,standard,none,69,72,77,05/06/2018,NO
female,group D,associate's degree,standard,completed,88,92,95,11/06/2018,SI
female,group E,some college,free/reduced,none,71,76,70,06/01/2018,SI
male,group C,bachelor's degree,standard,none,69,63,61,15/11/2018,SI
male,group C,some college,standard,none,58,49,42,24/02/2018,SI
female,group D,associate's degree,free/reduced,none,47,53,58,26/06/2018,NO
female,group D,some college,standard,none,65,70,71,18/12/2018,NO
male,group B,some college,standard,completed,88,85,76,14/03/2018,NO
male,group C,bachelor's degree,standard,none,83,78,73,31/07/2018,NO
female,group C,some high school,standard,completed,85,92,93,27/10/2018,SI
female,group E,high school,standard,completed,59,63,75,18/02/2018,SI
female,group C,some high school,free/reduced,none,65,86,80,07/05/2018,NO
male,group B,bachelor's degree,free/reduced,none,73,56,57,21/09/2018,SI
male,group D,high school,standard,none,53,52,42,24/02/2018,NO
male,group D,high school,standard,none,45,48,46,15/02/2018,SI
female,group D,bachelor's degree,free/reduced,none,73,79,84,08/12/2018,NO
female,group D,some college,free/reduced,completed,70,78,78,03/12/2018,SI
female,group B,some high school,standard,none,37,46,46,31/07/2018,NO
male,group B,associate's degree,standard,completed,81,82,82,31/08/2018,SI
male,group E,associate's degree,standard,completed,97,82,88,01/12/2018,NO
female,group B,some high school,standard,none,67,89,82,29/01/2018,NO
male,group B,bachelor's degree,free/reduced,none,88,75,76,20/02/2018,SI
male,group E,some high school,standard,completed,77,76,77,11/09/2018,NO
male,group C,associate's degree,standard,none,76,70,68,07/06/2018,NO
male,group D,some high school,standard,none,86,73,70,12/02/2018,SI
male,group C,some high school,standard,completed,63,60,57,09/11/2018,SI
female,group E,bachelor's degree,standard,none,65,73,75,20/04/2018,SI
male,group D,high school,free/reduced,completed,78,77,80,04/02/2018,SI
male,group B,associate's degree,free/reduced,none,67,62,60,14/08/2018,NO
male,group A,some high school,standard,completed,46,41,43,03/06/2018,NO
male,group E,associate's degree,standard,completed,71,74,68,17/07/2018,SI
male,group C,high school,free/reduced,completed,40,46,50,25/04/2018,NO
male,group D,associate's degree,free/reduced,none,90,87,75,11/10/2018,NO
male,group A,some college,free/reduced,completed,81,78,81,26/06/2018,NO
male,group D,some high school,free/reduced,none,56,54,52,27/09/2018,NO
female,group C,associate's degree,standard,completed,67,84,81,25/12/2018,SI
male,group B,associate's degree,standard,none,80,76,64,23/08/2018,SI
female,group C,associate's degree,standard,completed,74,75,83,29/01/2018,NO
male,group A,some college,standard,none,69,67,69,22/08/2018,NO
male,group E,some college,standard,completed,99,87,81,08/11/2018,SI
male,group C,some high school,standard,none,51,52,44,13/05/2018,NO
female,group B,associate's degree,free/reduced,none,53,71,67,02/02/2018,SI
female,group D,high school,free/reduced,none,49,57,52,24/01/2018,NO
female,group B,associate's degree,standard,none,73,76,80,13/06/2018,NO
male,group B,bachelor's degree,standard,none,66,60,57,06/11/2018,SI
male,group D,bachelor's degree,standard,completed,67,61,68,26/09/2018,NO
female,group C,associate's degree,free/reduced,completed,68,67,69,28/03/2018,SI
female,group C,bachelor's degree,standard,completed,59,64,75,29/03/2018,SI
male,group C,high school,standard,none,71,66,65,05/05/2018,NO
female,group D,master's degree,standard,completed,77,82,91,29/11/2018,NO
male,group C,associate's degree,standard,none,83,72,78,24/07/2018,SI
male,group B,bachelor's degree,standard,none,63,71,69,09/10/2018,SI
female,group D,associate's degree,free/reduced,none,56,65,63,04/12/2018,NO
female,group C,high school,free/reduced,completed,67,79,84,12/03/2018,SI
female,group E,high school,standard,none,75,86,79,06/02/2018,SI
female,group C,some college,standard,none,71,81,80,24/07/2018,SI
female,group C,some high school,free/reduced,none,43,53,53,25/12/2018,NO
female,group C,high school,free/reduced,none,41,46,43,10/09/2018,SI
female,group C,some college,standard,none,82,90,94,13/09/2018,SI
male,group C,some college,standard,none,61,61,62,18/01/2018,SI
male,group A,some college,free/reduced,none,28,23,19,04/04/2018,SI
male,group C,associate's degree,standard,completed,82,75,77,23/05/2018,NO
female,group B,some high school,standard,none,41,55,51,04/04/2018,NO
male,group C,high school,standard,none,71,60,61,23/06/2018,SI
male,group C,associate's degree,standard,none,47,37,35,03/04/2018,NO
male,group E,associate's degree,standard,completed,62,56,53,29/03/2018,NO
male,group B,associate's degree,standard,none,90,78,81,10/02/2018,SI
female,group C,bachelor's degree,standard,none,83,93,95,15/07/2018,NO
female,group B,some college,free/reduced,none,61,68,66,15/07/2018,NO
male,group D,some high school,standard,completed,76,70,69,26/02/2018,SI
male,group C,associate's degree,standard,none,49,51,43,01/01/2019,SI
female,group B,some high school,free/reduced,none,24,38,27,14/05/2018,NO
female,group D,some high school,free/reduced,completed,35,55,60,23/06/2018,SI
male,group C,high school,free/reduced,none,58,61,52,01/08/2018,NO
female,group C,high school,standard,none,61,73,63,24/01/2018,NO
female,group B,high school,standard,completed,69,76,74,13/08/2018,NO
male,group D,associate's degree,standard,completed,67,72,67,12/06/2018,SI
male,group D,some college,standard,none,79,73,67,01/06/2018,NO
female,group C,high school,standard,none,72,80,75,17/02/2018,SI
male,group B,some college,standard,none,62,61,57,15/03/2018,SI
female,group C,bachelor's degree,standard,completed,77,94,95,19/04/2018,NO
male,group D,high school,free/reduced,none,75,74,66,25/12/2018,SI
male,group E,associate's degree,standard,none,87,74,76,21/06/2018,NO
female,group B,bachelor's degree,standard,none,52,65,69,20/06/2018,NO
male,group E,some college,standard,none,66,57,52,20/02/2018,NO
female,group C,some college,standard,completed,63,78,80,03/04/2018,SI
female,group C,associate's degree,standard,none,46,58,57,28/12/2018,SI
female,group C,some college,standard,none,59,71,70,28/02/2018,NO
female,group B,bachelor's degree,standard,none,61,72,70,22/08/2018,NO
male,group A,associate's degree,standard,none,63,61,61,14/09/2018,NO
female,group C,some college,free/reduced,completed,42,66,69,13/05/2018,NO
male,group D,some college,free/reduced,none,59,62,61,24/02/2018,NO
female,group D,some college,standard,none,80,90,89,28/12/2018,NO
female,group B,high school,standard,none,58,62,59,01/07/2018,SI
male,group B,some high school,standard,completed,85,84,78,15/06/2018,NO
female,group C,some college,standard,none,52,58,58,07/07/2018,SI
female,group D,some high school,free/reduced,none,27,34,32,09/12/2018,SI
male,group C,some college,standard,none,59,60,58,11/10/2018,NO
male,group A,bachelor's degree,free/reduced,completed,49,58,60,12/11/2018,SI
male,group C,high school,standard,completed,69,58,53,23/11/2018,NO
male,group C,bachelor's degree,free/reduced,none,61,66,61,29/01/2018,SI
female,group A,some high school,free/reduced,none,44,64,58,04/12/2018,SI
female,group D,some high school,standard,none,73,84,85,04/03/2018,NO
male,group E,some college,standard,none,84,77,71,20/10/2018,NO
female,group C,some college,free/reduced,completed,45,73,70,04/07/2018,SI
male,group D,some high school,standard,none,74,74,72,14/04/2018,NO
female,group D,some college,standard,completed,82,97,96,07/09/2018,NO
female,group D,bachelor's degree,standard,none,59,70,73,24/06/2018,NO
male,group E,associate's degree,free/reduced,none,46,43,41,04/11/2018,NO
female,group D,some high school,standard,none,80,90,82,10/11/2018,SI
female,group D,master's degree,free/reduced,completed,85,95,100,15/07/2018,NO
female,group A,some high school,standard,none,71,83,77,10/05/2018,NO
male,group A,bachelor's degree,standard,none,66,64,62,17/02/2018,NO
female,group B,associate's degree,standard,none,80,86,83,13/11/2018,SI
male,group C,associate's degree,standard,completed,87,100,95,04/09/2018,SI
male,group C,master's degree,free/reduced,none,79,81,71,29/04/2018,SI
female,group E,some high school,free/reduced,none,38,49,45,17/03/2018,NO
female,group A,some high school,free/reduced,none,38,43,43,27/08/2018,NO
female,group E,some college,standard,none,67,76,75,20/10/2018,SI
female,group E,bachelor's degree,standard,none,64,73,70,07/01/2018,NO
female,group C,associate's degree,free/reduced,none,57,78,67,29/01/2018,NO
female,group D,high school,standard,none,62,64,64,22/04/2018,SI
male,group D,master's degree,standard,none,73,70,75,26/01/2018,NO
male,group E,some high school,free/reduced,completed,73,67,59,21/03/2018,SI
female,group D,some college,standard,none,77,68,77,17/12/2018,SI
male,group E,some college,standard,none,76,67,67,06/10/2018,SI
male,group C,associate's degree,standard,completed,57,54,56,07/06/2018,NO
female,group C,some high school,standard,completed,65,74,77,16/09/2018,NO
male,group A,high school,free/reduced,none,48,45,41,13/04/2018,NO
female,group B,high school,free/reduced,none,50,67,63,22/10/2018,SI
female,group C,associate's degree,standard,none,85,89,95,26/02/2018,NO
male,group B,some high school,standard,none,74,63,57,01/02/2018,SI
male,group D,some high school,standard,none,60,59,54,28/11/2018,SI
female,group C,some high school,standard,completed,59,54,67,29/10/2018,SI
male,group A,some college,standard,none,53,43,43,11/10/2018,SI
female,group A,some college,free/reduced,none,49,65,55,23/11/2018,NO
female,group D,high school,standard,completed,88,99,100,23/04/2018,SI
female,group C,high school,standard,none,54,59,62,18/04/2018,NO
female,group C,some high school,standard,none,63,73,68,01/03/2018,NO
male,group B,associate's degree,standard,completed,65,65,63,12/12/2018,NO
female,group B,associate's degree,standard,none,82,80,77,28/12/2018,NO
female,group D,high school,free/reduced,completed,52,57,56,23/03/2018,NO
male,group D,associate's degree,standard,completed,87,84,85,01/02/2018,NO
female,group D,master's degree,standard,completed,70,71,74,09/12/2018,NO
male,group E,some college,standard,completed,84,83,78,25/05/2018,NO
male,group D,associate's degree,standard,none,71,66,60,12/11/2018,SI
male,group B,some high school,standard,completed,63,67,67,10/11/2018,NO
female,group C,bachelor's degree,free/reduced,completed,51,72,79,16/08/2018,SI
male,group E,high school,standard,none,84,73,69,13/08/2018,SI
male,group C,bachelor's degree,standard,completed,71,74,68,07/02/2018,NO
male,group C,associate's degree,standard,none,74,73,67,07/05/2018,SI
male,group D,some college,standard,none,68,59,62,03/05/2018,SI
male,group E,high school,free/reduced,completed,57,56,54,29/07/2018,SI
female,group C,associate's degree,free/reduced,completed,82,93,93,30/12/2018,SI
female,group D,high school,standard,completed,57,58,64,26/01/2018,NO
female,group D,master's degree,free/reduced,completed,47,58,67,26/04/2018,SI
female,group A,some high school,standard,completed,59,85,80,13/10/2018,NO
male,group B,some college,free/reduced,none,41,39,34,13/11/2018,SI
female,group C,some college,free/reduced,none,62,67,62,25/07/2018,SI
male,group C,bachelor's degree,standard,none,86,83,86,19/01/2018,SI
male,group C,some high school,free/reduced,none,69,71,65,11/11/2018,SI
male,group A,some high school,free/reduced,none,65,59,53,01/02/2018,NO
male,group C,some high school,free/reduced,none,68,63,54,13/03/2018,SI
male,group C,associate's degree,free/reduced,none,64,66,59,06/03/2018,NO
female,group C,high school,standard,none,61,72,70,30/08/2018,SI
male,group C,high school,standard,none,61,56,55,10/12/2018,SI
female,group A,some high school,free/reduced,none,47,59,50,10/10/2018,SI
male,group C,some high school,standard,none,73,66,66,22/05/2018,SI
male,group C,some college,free/reduced,completed,50,48,53,19/10/2018,SI
male,group D,associate's degree,standard,none,75,68,64,10/11/2018,NO
male,group D,associate's degree,free/reduced,none,75,66,73,16/08/2018,SI
male,group C,high school,standard,none,70,56,51,16/09/2018,NO
male,group D,some high school,standard,completed,89,88,82,04/09/2018,NO
female,group C,some college,standard,completed,67,81,79,29/11/2018,SI
female,group D,high school,standard,none,78,81,80,19/12/2018,NO
female,group A,some high school,free/reduced,none,59,73,69,08/09/2018,NO
female,group B,associate's degree,standard,none,73,83,76,20/06/2018,NO
male,group A,some high school,free/reduced,none,79,82,73,25/05/2018,NO
female,group C,some high school,standard,completed,67,74,77,03/10/2018,NO
male,group D,some college,free/reduced,none,69,66,60,20/01/2018,NO
male,group C,high school,standard,completed,86,81,80,02/02/2018,NO
male,group B,high school,standard,none,47,46,42,06/07/2018,NO
male,group B,associate's degree,standard,none,81,73,72,17/08/2018,SI
female,group C,some college,free/reduced,completed,64,85,85,11/04/2018,NO
female,group E,some college,standard,none,100,92,97,24/07/2018,NO
female,group C,associate's degree,free/reduced,none,65,77,74,11/10/2018,NO
male,group C,some college,free/reduced,none,65,58,49,08/12/2018,NO
female,group C,associate's degree,free/reduced,none,53,61,62,21/07/2018,NO
male,group C,bachelor's degree,free/reduced,none,37,56,47,06/04/2018,SI
female,group D,bachelor's degree,standard,none,79,89,89,19/11/2018,SI
male,group D,associate's degree,free/reduced,none,53,54,48,27/09/2018,SI
female,group E,bachelor's degree,standard,none,100,100,100,03/08/2018,NO
male,group B,high school,standard,completed,72,65,68,27/03/2018,NO
male,group C,bachelor's degree,free/reduced,none,53,58,55,01/03/2018,NO
male,group B,some college,free/reduced,none,54,54,45,07/02/2018,SI
female,group E,some college,standard,none,71,70,76,28/11/2018,NO
female,group C,some college,free/reduced,none,77,90,91,27/10/2018,SI
male,group A,bachelor's degree,standard,completed,75,58,62,14/01/2018,SI
female,group C,some college,standard,none,84,87,91,22/04/2018,NO
female,group D,associate's degree,free/reduced,none,26,31,38,27/12/2018,SI
male,group A,high school,free/reduced,completed,72,67,65,07/06/2018,NO
female,group A,high school,free/reduced,completed,77,88,85,18/08/2018,SI
male,group C,some college,standard,none,91,74,76,29/01/2018,NO
female,group C,associate's degree,standard,completed,83,85,90,30/09/2018,SI
female,group C,high school,standard,none,63,69,74,23/03/2018,SI
female,group C,associate's degree,standard,completed,68,86,84,30/12/2018,NO
female,group D,some high school,standard,none,59,67,61,06/02/2018,SI
female,group B,associate's degree,standard,completed,90,90,91,07/03/2018,SI
female,group D,bachelor's degree,standard,completed,71,76,83,10/11/2018,SI
male,group E,bachelor's degree,standard,completed,76,62,66,20/10/2018,SI
male,group D,associate's degree,standard,none,80,68,72,30/04/2018,SI
female,group D,master's degree,standard,none,55,64,70,27/02/2018,NO
male,group E,associate's degree,standard,none,76,71,67,30/09/2018,NO
male,group B,high school,standard,completed,73,71,68,09/10/2018,NO
female,group D,associate's degree,free/reduced,none,52,59,56,10/01/2018,SI
male,group C,some college,free/reduced,none,68,68,61,08/01/2018,NO
male,group A,high school,standard,none,59,52,46,19/10/2018,SI
female,group B,associate's degree,standard,none,49,52,54,28/09/2018,NO
male,group C,high school,standard,none,70,74,71,15/12/2018,SI
male,group D,some college,free/reduced,none,61,47,56,18/01/2018,SI
female,group C,associate's degree,free/reduced,none,60,75,74,04/05/2018,NO
male,group B,some high school,standard,completed,64,53,57,12/05/2018,SI
male,group A,associate's degree,free/reduced,completed,79,82,82,16/08/2018,NO
female,group A,associate's degree,free/reduced,none,65,85,76,09/07/2018,SI
female,group C,associate's degree,standard,none,64,64,70,04/06/2018,SI
female,group C,some college,standard,none,83,83,90,16/05/2018,SI
female,group C,bachelor's degree,standard,none,81,88,90,29/05/2018,NO
female,group B,high school,standard,none,54,64,68,26/12/2018,NO
male,group D,high school,standard,completed,68,64,66,15/01/2018,NO
female,group C,some college,standard,none,54,48,52,30/07/2018,SI
female,group D,some college,free/reduced,completed,59,78,76,30/06/2018,NO
female,group B,some high school,standard,none,66,69,68,23/02/2018,NO
male,group E,some college,standard,none,76,71,72,10/06/2018,NO
female,group D,master's degree,standard,none,74,79,82,01/08/2018,NO
female,group B,associate's degree,standard,completed,94,87,92,21/01/2018,SI
male,group C,some college,free/reduced,none,63,61,54,10/12/2018,NO
female,group E,associate's degree,standard,completed,95,89,92,13/05/2018,SI
female,group D,master's degree,free/reduced,none,40,59,54,04/02/2018,SI
female,group B,some high school,standard,none,82,82,80,06/09/2018,SI
male,group A,high school,standard,none,68,70,66,19/10/2018,SI
male,group B,bachelor's degree,free/reduced,none,55,59,54,09/11/2018,SI
male,group C,master's degree,standard,none,79,78,77,27/03/2018,SI
female,group C,bachelor's degree,standard,none,86,92,87,24/11/2018,NO
male,group D,some college,standard,none,76,71,73,24/10/2018,NO
male,group A,some high school,standard,none,64,50,43,06/02/2018,NO
male,group D,some high school,free/reduced,none,62,49,52,27/02/2018,NO
female,group B,some high school,standard,completed,54,61,62,27/05/2018,NO
female,group B,master's degree,free/reduced,completed,77,97,94,13/07/2018,SI
female,group C,some high school,standard,completed,76,87,85,20/07/2018,NO
female,group D,some college,standard,none,74,89,84,07/08/2018,SI
female,group E,some college,standard,completed,66,74,73,13/10/2018,NO
female,group D,some high school,standard,completed,66,78,78,30/07/2018,SI
female,group B,high school,free/reduced,completed,67,78,79,07/02/2018,SI
male,group D,some college,standard,none,71,49,52,30/08/2018,SI
female,group C,associate's degree,standard,none,91,86,84,27/06/2018,SI
male,group D,bachelor's degree,standard,none,69,58,57,18/05/2018,NO
male,group C,master's degree,free/reduced,none,54,59,50,21/08/2018,SI
male,group C,high school,standard,completed,53,52,49,02/12/2018,SI
male,group E,some college,standard,none,68,60,59,02/11/2018,SI
male,group C,some high school,free/reduced,completed,56,61,60,25/07/2018,SI
female,group C,high school,free/reduced,none,36,53,43,07/02/2018,SI
female,group D,bachelor's degree,free/reduced,none,29,41,47,11/04/2018,NO
female,group C,associate's degree,standard,none,62,74,70,08/09/2018,NO
female,group C,associate's degree,standard,completed,68,67,73,30/06/2018,NO
female,group C,some high school,standard,none,47,54,53,01/02/2018,SI
male,group E,associate's degree,standard,completed,62,61,58,24/04/2018,SI
female,group E,associate's degree,standard,completed,79,88,94,18/03/2018,SI
male,group B,high school,standard,completed,73,69,68,11/05/2018,SI
female,group C,bachelor's degree,free/reduced,completed,66,83,83,19/09/2018,NO
male,group C,associate's degree,standard,completed,51,60,58,28/10/2018,SI
female,group D,high school,standard,none,51,66,62,02/11/2018,SI
male,group E,bachelor's degree,standard,completed,85,66,71,06/07/2018,NO
male,group A,associate's degree,standard,completed,97,92,86,16/07/2018,NO
male,group C,high school,standard,completed,75,69,68,01/05/2018,NO
male,group D,associate's degree,free/reduced,completed,79,82,80,14/08/2018,NO
female,group C,associate's degree,standard,none,81,77,79,16/01/2018,SI
female,group D,associate's degree,standard,none,82,95,89,12/10/2018,NO
female,group D,master's degree,standard,none,64,63,66,07/02/2018,SI
male,group E,some high school,free/reduced,completed,78,83,80,12/07/2018,SI
female,group A,some high school,standard,completed,92,100,97,18/03/2018,NO
male,group C,high school,standard,completed,72,67,64,08/01/2018,NO
female,group C,high school,free/reduced,none,62,67,64,22/06/2018,SI
male,group C,master's degree,standard,none,79,72,69,22/05/2018,NO
male,group C,some high school,free/reduced,none,79,76,65,01/10/2018,NO
male,group B,bachelor's degree,free/reduced,completed,87,90,88,29/03/2018,SI
female,group B,associate's degree,standard,none,40,48,50,04/05/2018,NO
male,group D,some college,free/reduced,none,77,62,64,21/10/2018,NO
male,group E,associate's degree,standard,none,53,45,40,18/06/2018,NO
female,group C,some college,free/reduced,none,32,39,33,08/12/2018,SI
female,group C,associate's degree,standard,completed,55,72,79,06/04/2018,NO
male,group C,master's degree,free/reduced,none,61,67,66,17/03/2018,NO
female,group B,associate's degree,free/reduced,none,53,70,70,04/11/2018,NO
male,group D,some high school,standard,none,73,66,62,04/05/2018,NO
female,group D,some college,standard,completed,74,75,79,13/04/2018,SI
female,group C,some college,standard,none,63,74,74,17/02/2018,NO
male,group C,bachelor's degree,standard,completed,96,90,92,23/10/2018,NO
female,group D,some college,free/reduced,completed,63,80,80,28/08/2018,NO
male,group B,bachelor's degree,free/reduced,none,48,51,46,14/03/2018,NO
male,group B,associate's degree,standard,none,48,43,45,18/07/2018,NO
female,group E,bachelor's degree,free/reduced,completed,92,100,100,03/09/2018,SI
female,group D,master's degree,free/reduced,completed,61,71,78,11/02/2018,NO
male,group B,high school,free/reduced,none,63,48,47,19/09/2018,NO
male,group D,bachelor's degree,free/reduced,none,68,68,67,02/03/2018,NO
male,group B,some college,standard,completed,71,75,70,11/06/2018,NO
male,group A,bachelor's degree,standard,none,91,96,92,21/06/2018,SI
female,group C,some college,standard,none,53,62,56,29/04/2018,NO
female,group C,high school,free/reduced,completed,50,66,64,02/08/2018,NO
female,group E,high school,standard,none,74,81,71,29/09/2018,NO
male,group A,associate's degree,free/reduced,completed,40,55,53,16/11/2018,SI
male,group A,some college,standard,completed,61,51,52,02/12/2018,NO
female,group B,high school,standard,none,81,91,89,03/05/2018,SI
female,group B,some college,free/reduced,completed,48,56,58,21/05/2018,SI
female,group D,master's degree,standard,none,53,61,68,10/08/2018,NO
female,group D,some high school,standard,none,81,97,96,15/08/2018,SI
female,group E,some high school,standard,none,77,79,80,16/07/2018,SI
female,group D,bachelor's degree,free/reduced,none,63,73,78,10/02/2018,NO
female,group D,associate's degree,standard,completed,73,75,80,29/04/2018,NO
female,group D,some college,standard,none,69,77,77,09/10/2018,SI
female,group C,associate's degree,standard,none,65,76,76,05/09/2018,SI
female,group A,high school,standard,none,55,73,73,08/05/2018,SI
female,group C,bachelor's degree,free/reduced,none,44,63,62,15/11/2018,NO
female,group C,some college,standard,none,54,64,65,25/06/2018,NO
female,group A,some high school,standard,none,48,66,65,26/02/2018,NO
male,group C,some college,free/reduced,none,58,57,54,12/12/2018,NO
male,group A,some high school,standard,none,71,62,50,16/08/2018,NO
male,group E,bachelor's degree,standard,none,68,68,64,04/10/2018,SI
female,group E,high school,standard,none,74,76,73,03/07/2018,NO
female,group C,bachelor's degree,standard,completed,92,100,99,31/01/2018,SI
female,group C,bachelor's degree,standard,completed,56,79,72,21/07/2018,SI
male,group B,high school,free/reduced,none,30,24,15,27/06/2018,SI
male,group A,some high school,standard,none,53,54,48,27/09/2018,NO
female,group D,high school,standard,none,69,77,73,16/03/2018,SI
female,group D,some high school,standard,none,65,82,81,26/12/2018,NO
female,group D,master's degree,standard,none,54,60,63,12/01/2018,SI
female,group C,high school,standard,none,29,29,30,05/07/2018,SI
female,group E,some college,standard,none,76,78,80,22/03/2018,NO
male,group D,high school,free/reduced,none,60,57,51,19/11/2018,NO
male,group D,master's degree,free/reduced,completed,84,89,90,10/05/2018,SI
male,group C,some high school,standard,none,75,72,62,22/04/2018,NO
female,group C,associate's degree,standard,none,85,84,82,28/02/2018,NO
female,group C,master's degree,free/reduced,none,40,58,54,26/10/2018,NO
female,group E,some college,standard,none,61,64,62,16/08/2018,SI
female,group B,associate's degree,standard,none,58,63,65,03/03/2018,SI
male,group D,some college,free/reduced,completed,69,60,63,27/03/2018,NO
female,group C,some college,standard,none,58,59,66,20/02/2018,SI
male,group C,bachelor's degree,standard,completed,94,90,91,31/08/2018,NO
female,group C,associate's degree,standard,none,65,77,74,18/04/2018,SI
female,group A,associate's degree,standard,none,82,93,93,10/09/2018,SI
female,group C,high school,standard,none,60,68,72,23/11/2018,SI
female,group E,bachelor's degree,standard,none,37,45,38,30/04/2018,SI
male,group D,bachelor's degree,standard,none,88,78,83,05/05/2018,SI
male,group D,master's degree,standard,none,95,81,84,23/02/2018,SI
male,group C,associate's degree,free/reduced,completed,65,73,68,23/05/2018,NO
female,group C,high school,free/reduced,none,35,61,54,01/01/2018,SI
male,group B,bachelor's degree,free/reduced,none,62,63,56,09/11/2018,NO
male,group C,high school,free/reduced,completed,58,51,52,26/08/2018,SI
male,group A,some college,standard,completed,100,96,86,13/08/2018,NO
female,group E,bachelor's degree,free/reduced,none,61,58,62,23/11/2018,SI
male,group D,some college,standard,completed,100,97,99,24/12/2018,SI
male,group B,associate's degree,free/reduced,completed,69,70,63,23/08/2018,NO
male,group D,associate's degree,standard,none,61,48,46,20/05/2018,SI
male,group D,some college,free/reduced,none,49,57,46,09/02/2018,NO
female,group C,some high school,standard,completed,44,51,55,20/03/2018,SI
male,group D,some college,standard,none,67,64,70,05/12/2018,NO
male,group B,high school,standard,none,79,60,65,01/12/2018,SI
female,group B,bachelor's degree,standard,completed,66,74,81,26/07/2018,NO
female,group C,high school,standard,none,75,88,85,28/06/2018,NO
male,group D,some high school,standard,none,84,84,80,02/07/2018,SI
male,group A,high school,standard,none,71,74,64,07/09/2018,NO
female,group B,high school,free/reduced,completed,67,80,81,24/12/2018,SI
female,group D,some high school,standard,completed,80,92,88,27/04/2018,NO
male,group E,some college,standard,none,86,76,74,01/08/2018,SI
female,group D,associate's degree,standard,none,76,74,73,10/12/2018,NO
male,group D,high school,standard,none,41,52,51,10/07/2018,SI
female,group D,associate's degree,free/reduced,completed,74,88,90,07/10/2018,SI
female,group B,some high school,free/reduced,none,72,81,79,04/03/2018,SI
female,group E,high school,standard,completed,74,79,80,04/11/2018,NO
male,group B,high school,standard,none,70,65,60,17/04/2018,SI
female,group B,bachelor's degree,standard,completed,65,81,81,22/01/2018,NO
female,group D,associate's degree,standard,none,59,70,65,10/03/2018,SI
female,group E,high school,free/reduced,none,64,62,68,30/12/2018,SI
female,group B,high school,standard,none,50,53,55,25/03/2018,SI
female,group D,some college,standard,completed,69,79,81,19/04/2018,NO
male,group C,some high school,free/reduced,completed,51,56,53,16/08/2018,NO
female,group A,high school,standard,completed,68,80,76,02/09/2018,NO
female,group D,some college,standard,completed,85,86,98,18/05/2018,NO
female,group A,associate's degree,standard,completed,65,70,74,07/08/2018,SI
female,group B,some high school,standard,none,73,79,79,13/12/2018,NO
female,group B,some college,standard,none,62,67,67,12/08/2018,NO
male,group C,associate's degree,free/reduced,none,77,67,64,21/03/2018,NO
male,group D,some high school,standard,none,69,66,61,28/04/2018,SI
female,group D,associate's degree,free/reduced,none,43,60,58,13/09/2018,SI
male,group D,associate's degree,standard,none,90,87,85,28/06/2018,SI
male,group C,some college,free/reduced,none,74,77,73,21/01/2018,SI
male,group C,some high school,standard,none,73,66,63,15/08/2018,SI
female,group D,some college,free/reduced,none,55,71,69,25/05/2018,SI
female,group C,high school,standard,none,65,69,67,04/05/2018,SI
male,group D,associate's degree,standard,none,80,63,63,01/01/2018,SI
female,group C,some high school,free/reduced,completed,50,60,60,03/05/2018,NO
female,group C,some college,free/reduced,completed,63,73,71,25/05/2018,SI
female,group B,bachelor's degree,free/reduced,none,77,85,87,11/12/2018,SI
male,group C,some college,standard,none,73,74,61,22/01/2018,NO
male,group D,associate's degree,standard,completed,81,72,77,11/08/2018,NO
female,group C,high school,free/reduced,none,66,76,68,04/07/2018,NO
male,group D,associate's degree,free/reduced,none,52,57,50,23/08/2018,NO
female,group C,some college,standard,none,69,78,76,24/11/2018,SI
female,group C,associate's degree,standard,completed,65,84,84,27/09/2018,NO
female,group D,high school,standard,completed,69,77,78,27/01/2018,NO
female,group B,some college,standard,completed,50,64,66,28/11/2018,SI
female,group E,some college,standard,completed,73,78,76,20/04/2018,NO
female,group C,some high school,standard,completed,70,82,76,06/03/2018,NO
male,group D,associate's degree,free/reduced,none,81,75,78,15/09/2018,SI
male,group D,some college,free/reduced,none,63,61,60,10/03/2018,SI
female,group D,high school,standard,none,67,72,74,09/09/2018,SI
male,group B,high school,standard,none,60,68,60,17/08/2018,SI
male,group B,high school,standard,none,62,55,54,21/01/2018,SI
female,group C,some high school,free/reduced,completed,29,40,44,20/12/2018,SI
male,group B,some college,standard,completed,62,66,68,22/03/2018,SI
female,group E,master's degree,standard,completed,94,99,100,26/02/2018,SI
male,group E,some college,standard,completed,85,75,68,21/07/2018,NO
male,group D,associate's degree,free/reduced,none,77,78,73,01/01/2018,SI
male,group A,high school,free/reduced,none,53,58,44,11/01/2018,NO
male,group E,some college,free/reduced,none,93,90,83,04/11/2018,SI
female,group C,associate's degree,standard,none,49,53,53,15/08/2018,NO
female,group E,associate's degree,free/reduced,none,73,76,78,13/11/2018,NO
female,group C,bachelor's degree,free/reduced,completed,66,74,81,29/03/2018,NO
female,group D,associate's degree,standard,none,77,77,73,29/10/2018,NO
female,group C,some high school,standard,none,49,63,56,10/04/2018,SI
female,group D,some college,free/reduced,none,79,89,86,07/03/2018,SI
female,group C,associate's degree,standard,completed,75,82,90,31/03/2018,NO
female,group A,bachelor's degree,standard,none,59,72,70,28/02/2018,SI
female,group D,associate's degree,standard,completed,57,78,79,28/04/2018,NO
male,group C,high school,free/reduced,none,66,66,59,18/04/2018,NO
female,group E,bachelor's degree,standard,completed,79,81,82,11/01/2018,NO
female,group B,some high school,standard,none,57,67,72,02/12/2018,NO
male,group A,bachelor's degree,standard,completed,87,84,87,31/10/2018,NO
female,group D,some college,standard,none,63,64,67,25/02/2018,NO
female,group B,some high school,free/reduced,completed,59,63,64,24/09/2018,NO
male,group A,bachelor's degree,free/reduced,none,62,72,65,07/01/2018,NO
male,group D,high school,standard,none,46,34,36,11/12/2018,SI
male,group C,some college,standard,none,66,59,52,22/05/2018,NO
male,group D,high school,standard,none,89,87,79,26/10/2018,NO
female,group D,associate's degree,free/reduced,completed,42,61,58,22/09/2018,SI
male,group C,some college,standard,completed,93,84,90,26/07/2018,SI
female,group E,some high school,standard,completed,80,85,85,18/11/2018,SI
female,group D,some college,standard,none,98,100,99,27/06/2018,NO
male,group D,master's degree,standard,none,81,81,84,05/07/2018,SI
female,group B,some high school,standard,completed,60,70,74,18/10/2018,NO
female,group B,associate's degree,free/reduced,completed,76,94,87,05/08/2018,SI
male,group C,associate's degree,standard,completed,73,78,72,12/07/2018,SI
female,group C,associate's degree,standard,completed,96,96,99,15/04/2018,NO
female,group C,high school,standard,none,76,76,74,08/01/2018,SI
male,group E,associate's degree,free/reduced,completed,91,73,80,25/08/2018,SI
female,group C,some college,free/reduced,none,62,72,70,27/11/2018,SI
male,group D,some high school,free/reduced,completed,55,59,59,12/07/2018,SI
female,group B,some high school,free/reduced,completed,74,90,88,29/04/2018,SI
male,group C,high school,standard,none,50,48,42,28/11/2018,SI
male,group B,some college,standard,none,47,43,41,14/01/2018,NO
male,group E,some college,standard,completed,81,74,71,03/11/2018,NO
female,group E,associate's degree,standard,completed,65,75,77,12/12/2018,SI
male,group E,some high school,standard,completed,68,51,57,18/01/2018,SI
female,group D,high school,free/reduced,none,73,92,84,14/04/2018,SI
male,group C,some college,standard,none,53,39,37,10/12/2018,NO
female,group B,associate's degree,free/reduced,completed,68,77,80,15/03/2018,NO
male,group A,some high school,free/reduced,none,55,46,43,13/08/2018,NO
female,group C,some college,standard,completed,87,89,94,16/01/2018,NO
male,group D,some high school,standard,none,55,47,44,13/10/2018,NO
female,group E,some college,free/reduced,none,53,58,57,20/09/2018,NO
male,group C,master's degree,standard,none,67,57,59,21/04/2018,SI
male,group C,associate's degree,standard,none,92,79,84,24/04/2018,SI
female,group B,some college,free/reduced,completed,53,66,73,20/10/2018,SI
male,group D,associate's degree,standard,none,81,71,73,21/11/2018,NO
male,group C,high school,free/reduced,none,61,60,55,19/06/2018,NO
male,group D,bachelor's degree,standard,none,80,73,72,13/02/2018,NO
female,group A,associate's degree,free/reduced,none,37,57,56,16/03/2018,SI
female,group C,high school,standard,none,81,84,82,15/07/2018,NO
female,group C,associate's degree,standard,completed,59,73,72,31/03/2018,SI
male,group B,some college,free/reduced,none,55,55,47,29/04/2018,NO
male,group D,associate's degree,standard,none,72,79,74,08/06/2018,NO
male,group D,high school,standard,none,69,75,71,27/01/2018,SI
male,group C,some college,standard,none,69,64,68,22/03/2018,NO
female,group C,bachelor's degree,free/reduced,none,50,60,59,06/08/2018,SI
male,group B,some college,standard,completed,87,84,86,28/06/2018,SI
male,group D,some high school,standard,completed,71,69,68,01/06/2018,SI
male,group E,some college,standard,none,68,72,65,25/05/2018,NO
male,group C,master's degree,free/reduced,completed,79,77,75,14/11/2018,NO
female,group C,some high school,standard,completed,77,90,85,29/12/2018,SI
male,group C,associate's degree,free/reduced,none,58,55,53,30/06/2018,NO
female,group E,associate's degree,standard,none,84,95,92,07/01/2018,NO
male,group D,some college,standard,none,55,58,52,08/11/2018,NO
male,group E,bachelor's degree,free/reduced,completed,70,68,72,30/12/2018,NO
female,group D,some college,free/reduced,completed,52,59,65,09/08/2018,SI
male,group B,some college,standard,completed,69,77,77,28/06/2018,SI
female,group C,high school,free/reduced,none,53,72,64,10/07/2018,SI
female,group D,some high school,standard,none,48,58,54,12/03/2018,NO
male,group D,some high school,standard,completed,78,81,86,20/04/2018,NO
female,group B,high school,standard,none,62,62,63,10/11/2018,NO
male,group D,some college,standard,none,60,63,59,23/09/2018,NO
female,group B,high school,standard,none,74,72,72,01/11/2018,NO
female,group C,high school,standard,completed,58,75,77,18/12/2018,NO
male,group B,high school,standard,completed,76,62,60,19/05/2018,NO
female,group D,some high school,standard,none,68,71,75,03/04/2018,SI
male,group A,some college,free/reduced,none,58,60,57,31/07/2018,SI
male,group B,high school,standard,none,52,48,49,11/05/2018,NO
male,group D,bachelor's degree,standard,none,75,73,74,20/06/2018,NO
female,group B,some high school,free/reduced,completed,52,67,72,22/02/2018,SI
female,group C,bachelor's degree,free/reduced,none,62,78,79,05/04/2018,NO
male,group B,some college,standard,none,66,65,60,28/01/2018,SI
female,group B,some high school,free/reduced,none,49,58,55,27/08/2018,SI
female,group B,high school,standard,none,66,72,70,24/05/2018,NO
female,group C,some college,free/reduced,none,35,44,43,15/08/2018,NO
female,group A,some college,standard,completed,72,79,82,18/11/2018,SI
male,group E,associate's degree,standard,completed,94,85,82,06/02/2018,NO
female,group D,associate's degree,free/reduced,none,46,56,57,09/07/2018,NO
female,group B,master's degree,standard,none,77,90,84,29/05/2018,NO
female,group B,high school,free/reduced,completed,76,85,82,27/10/2018,SI
female,group C,associate's degree,standard,completed,52,59,62,04/05/2018,NO
male,group C,bachelor's degree,standard,completed,91,81,79,03/05/2018,SI
female,group B,some high school,standard,completed,32,51,44,30/10/2018,NO
female,group E,some high school,free/reduced,none,72,79,77,21/02/2018,SI
female,group B,some college,standard,none,19,38,32,17/03/2018,SI
male,group C,associate's degree,free/reduced,none,68,65,61,25/08/2018,NO
female,group C,master's degree,free/reduced,none,52,65,61,27/04/2018,SI
female,group B,high school,standard,none,48,62,60,16/12/2018,SI
female,group D,some college,free/reduced,none,60,66,70,06/11/2018,SI
male,group D,high school,free/reduced,none,66,74,69,26/09/2018,SI
male,group E,some high school,standard,completed,89,84,77,08/03/2018,SI
female,group B,high school,standard,none,42,52,51,22/08/2018,SI
female,group E,associate's degree,free/reduced,completed,57,68,73,14/05/2018,NO
male,group D,high school,standard,none,70,70,70,26/05/2018,NO
female,group E,associate's degree,free/reduced,none,70,84,81,02/03/2018,SI
male,group E,some college,standard,none,69,60,54,22/08/2018,SI
female,group C,associate's degree,standard,none,52,55,57,17/11/2018,SI
male,group C,some high school,standard,completed,67,73,68,23/12/2018,SI
male,group C,some high school,standard,completed,76,80,73,19/07/2018,NO
female,group E,associate's degree,standard,none,87,94,95,27/10/2018,NO
female,group B,some college,standard,none,82,85,87,29/07/2018,NO
female,group C,some college,standard,none,73,76,78,21/04/2018,NO
male,group A,some college,free/reduced,none,75,81,74,23/11/2018,SI
female,group D,some college,free/reduced,none,64,74,75,18/07/2018,SI
female,group E,high school,free/reduced,none,41,45,40,22/06/2018,NO
male,group C,high school,standard,none,90,75,69,06/03/2018,NO
male,group B,bachelor's degree,standard,none,59,54,51,15/10/2018,NO
male,group A,some high school,standard,none,51,31,36,23/05/2018,NO
male,group A,high school,free/reduced,none,45,47,49,16/05/2018,NO
female,group C,master's degree,standard,completed,54,64,67,20/05/2018,NO
male,group E,some high school,standard,completed,87,84,76,28/02/2018,NO
female,group C,high school,standard,none,72,80,83,05/06/2018,SI
male,group B,some high school,standard,completed,94,86,87,28/05/2018,SI
female,group A,bachelor's degree,standard,none,45,59,64,26/09/2018,NO
male,group D,bachelor's degree,free/reduced,completed,61,70,76,13/02/2018,NO
female,group B,high school,free/reduced,none,60,72,68,02/02/2018,SI
female,group C,some high school,standard,none,77,91,88,23/01/2018,SI
female,group A,some high school,standard,completed,85,90,92,13/06/2018,SI
female,group D,bachelor's degree,free/reduced,none,78,90,93,09/02/2018,NO
male,group E,some college,free/reduced,completed,49,52,51,04/07/2018,SI
female,group B,high school,free/reduced,none,71,87,82,10/10/2018,NO
female,group C,some high school,free/reduced,none,48,58,52,20/05/2018,NO
male,group C,high school,standard,none,62,67,58,19/12/2018,SI
female,group C,associate's degree,free/reduced,completed,56,68,70,08/05/2018,NO
female,group C,some high school,standard,none,65,69,76,17/07/2018,SI
female,group D,some high school,free/reduced,completed,69,86,81,04/09/2018,SI
male,group B,some high school,standard,none,68,54,53,17/03/2018,SI
female,group A,some college,free/reduced,none,61,60,57,23/10/2018,NO
female,group C,bachelor's degree,free/reduced,completed,74,86,89,26/04/2018,NO
male,group A,bachelor's degree,standard,none,64,60,58,21/02/2018,SI
female,group B,high school,standard,completed,77,82,89,01/05/2018,SI
male,group B,some college,standard,none,58,50,45,28/09/2018,NO
female,group C,high school,standard,completed,60,64,74,09/10/2018,NO
male,group E,high school,standard,none,73,64,57,30/10/2018,SI
female,group A,high school,standard,completed,75,82,79,30/08/2018,SI
male,group B,associate's degree,free/reduced,completed,58,57,53,14/02/2018,SI
female,group C,associate's degree,standard,none,66,77,73,28/06/2018,NO
female,group D,high school,free/reduced,none,39,52,46,28/07/2018,NO
male,group C,some high school,standard,none,64,58,51,02/02/2018,NO
female,group B,high school,free/reduced,completed,23,44,36,13/12/2018,NO
male,group B,some college,free/reduced,completed,74,77,76,25/08/2018,SI
female,group D,some high school,free/reduced,completed,40,65,64,29/05/2018,NO
male,group E,master's degree,standard,none,90,85,84,01/01/2019,NO
male,group C,master's degree,standard,completed,91,85,85,14/06/2018,NO
male,group D,high school,standard,none,64,54,50,31/07/2018,NO
female,group C,high school,standard,none,59,72,68,06/05/2018,SI
male,group D,associate's degree,standard,none,80,75,69,05/08/2018,NO
male,group C,master's degree,standard,none,71,67,67,17/09/2018,NO
female,group A,high school,standard,none,61,68,63,04/10/2018,SI
female,group E,some college,standard,none,87,85,93,05/08/2018,SI
male,group E,some high school,standard,none,82,67,61,26/01/2018,NO
male,group C,some high school,standard,none,62,64,55,20/11/2018,SI
female,group B,bachelor's degree,standard,none,97,97,96,05/06/2018,SI
male,group B,some college,free/reduced,none,75,68,65,17/11/2018,NO
female,group C,bachelor's degree,standard,none,65,79,81,19/06/2018,SI
male,group B,high school,standard,completed,52,49,46,30/07/2018,NO
male,group C,associate's degree,free/reduced,none,87,73,72,12/05/2018,NO
female,group C,associate's degree,standard,none,53,62,53,19/09/2018,NO
female,group E,master's degree,free/reduced,none,81,86,87,20/07/2018,NO
male,group D,bachelor's degree,free/reduced,completed,39,42,38,04/10/2018,SI
female,group C,some college,standard,completed,71,71,80,05/03/2018,NO
male,group C,associate's degree,standard,none,97,93,91,04/05/2018,NO
male,group D,some college,standard,completed,82,82,88,17/01/2018,SI
male,group C,high school,free/reduced,none,59,53,52,17/03/2018,SI
male,group B,associate's degree,standard,none,61,42,41,09/12/2018,SI
male,group E,associate's degree,free/reduced,completed,78,74,72,29/11/2018,SI
male,group C,associate's degree,free/reduced,none,49,51,51,05/08/2018,SI
male,group B,high school,standard,none,59,58,47,01/02/2018,NO
female,group C,some college,standard,completed,70,72,76,08/09/2018,NO
male,group B,associate's degree,standard,completed,82,84,78,12/02/2018,NO
male,group E,associate's degree,free/reduced,none,90,90,82,08/08/2018,NO
female,group C,bachelor's degree,free/reduced,none,43,62,61,07/05/2018,SI
male,group C,some college,free/reduced,none,80,64,66,25/05/2018,SI
male,group D,some college,standard,none,81,82,84,08/01/2018,SI
male,group C,some high school,standard,none,57,61,54,31/12/2018,SI
female,group D,some high school,standard,none,59,72,80,28/11/2018,SI
female,group D,associate's degree,standard,none,64,76,74,07/03/2018,SI
male,group C,bachelor's degree,standard,completed,63,64,66,30/05/2018,SI
female,group E,bachelor's degree,standard,completed,71,70,70,06/05/2018,SI
female,group B,high school,free/reduced,none,64,73,71,22/06/2018,SI
male,group D,bachelor's degree,free/reduced,none,55,46,44,11/09/2018,SI
female,group E,associate's degree,standard,none,51,51,54,04/07/2018,SI
female,group C,associate's degree,standard,completed,62,76,80,23/02/2018,NO
female,group E,associate's degree,standard,completed,93,100,95,10/11/2018,SI
male,group C,high school,free/reduced,none,54,72,59,04/10/2018,NO
female,group D,some college,free/reduced,none,69,65,74,18/12/2018,SI
male,group D,high school,free/reduced,none,44,51,48,15/08/2018,SI
female,group E,some college,standard,completed,86,85,91,05/11/2018,SI
female,group E,associate's degree,standard,none,85,92,85,23/12/2018,NO
female,group A,master's degree,free/reduced,none,50,67,73,12/12/2018,SI
male,group D,some high school,standard,completed,88,74,75,25/11/2018,NO
female,group E,associate's degree,standard,none,59,62,69,17/02/2018,NO
female,group E,some high school,free/reduced,none,32,34,38,24/03/2018,SI
male,group B,high school,free/reduced,none,36,29,27,07/02/2018,NO
female,group B,some high school,free/reduced,completed,63,78,79,21/09/2018,NO
male,group D,associate's degree,standard,completed,67,54,63,29/04/2018,NO
female,group D,some high school,standard,completed,65,78,82,29/03/2018,SI
male,group D,master's degree,standard,none,85,84,89,05/07/2018,NO
female,group C,master's degree,standard,none,73,78,74,29/01/2018,SI
female,group A,high school,free/reduced,completed,34,48,41,19/05/2018,NO
female,group D,bachelor's degree,free/reduced,completed,93,100,100,31/10/2018,SI
female,group D,some high school,free/reduced,none,67,84,84,25/12/2018,SI
male,group D,some college,standard,none,88,77,77,21/06/2018,SI
male,group B,high school,standard,none,57,48,51,09/09/2018,SI
female,group D,some college,standard,completed,79,84,91,17/11/2018,SI
female,group C,bachelor's degree,free/reduced,none,67,75,72,15/05/2018,NO
male,group E,bachelor's degree,standard,completed,70,64,70,07/09/2018,SI
male,group D,bachelor's degree,free/reduced,none,50,42,48,11/05/2018,NO
female,group A,some college,standard,none,69,84,82,16/04/2018,SI
female,group C,bachelor's degree,standard,completed,52,61,66,20/09/2018,SI
female,group C,bachelor's degree,free/reduced,completed,47,62,66,10/07/2018,SI
female,group B,associate's degree,free/reduced,none,46,61,55,06/07/2018,SI
female,group E,some college,standard,none,68,70,66,25/12/2018,SI
male,group E,bachelor's degree,standard,completed,100,100,100,12/01/2018,SI
female,group C,high school,standard,none,44,61,52,25/11/2018,SI
female,group C,associate's degree,standard,completed,57,77,80,09/03/2018,NO
male,group B,some college,standard,completed,91,96,91,18/09/2018,SI
male,group D,high school,free/reduced,none,69,70,67,29/09/2018,SI
female,group C,high school,free/reduced,none,35,53,46,10/01/2018,SI
male,group D,high school,standard,none,72,66,66,21/03/2018,NO
female,group B,associate's degree,free/reduced,none,54,65,65,12/02/2018,NO
male,group D,high school,free/reduced,none,74,70,69,02/01/2018,NO
male,group E,some high school,standard,completed,74,64,60,20/10/2018,SI
male,group E,associate's degree,free/reduced,none,64,56,52,16/08/2018,NO
female,group D,high school,free/reduced,completed,65,61,71,03/09/2018,NO
male,group E,associate's degree,free/reduced,completed,46,43,44,23/06/2018,NO
female,group C,some high school,free/reduced,none,48,56,51,19/12/2018,NO
male,group C,some college,free/reduced,completed,67,74,70,05/06/2018,SI
male,group D,some college,free/reduced,none,62,57,62,06/08/2018,SI
male,group D,associate's degree,free/reduced,completed,61,71,73,07/09/2018,NO
male,group C,bachelor's degree,free/reduced,completed,70,75,74,07/09/2018,SI
male,group C,associate's degree,standard,completed,98,87,90,24/09/2018,NO
male,group D,some college,free/reduced,none,70,63,58,26/12/2018,SI
male,group A,associate's degree,standard,none,67,57,53,07/02/2018,SI
female,group E,high school,free/reduced,none,57,58,57,20/11/2018,SI
male,group D,some college,standard,completed,85,81,85,14/05/2018,NO
male,group D,some high school,standard,completed,77,68,69,29/07/2018,SI
male,group C,master's degree,free/reduced,completed,72,66,72,13/06/2018,NO
female,group D,master's degree,standard,none,78,91,96,01/12/2018,NO
male,group C,high school,standard,none,81,66,64,06/02/2018,NO
male,group A,some high school,free/reduced,completed,61,62,61,20/02/2018,NO
female,group B,high school,standard,none,58,68,61,24/03/2018,SI
female,group C,associate's degree,standard,none,54,61,58,25/12/2018,NO
male,group B,high school,standard,none,82,82,80,07/07/2018,NO
female,group D,some college,free/reduced,none,49,58,60,19/07/2018,NO
male,group B,some high school,free/reduced,completed,49,50,52,13/09/2018,NO
female,group E,high school,free/reduced,completed,57,75,73,28/10/2018,NO
male,group E,high school,standard,none,94,73,71,08/10/2018,NO
female,group D,some college,standard,completed,75,77,83,10/05/2018,NO
female,group E,some high school,free/reduced,none,74,74,72,11/10/2018,NO
male,group C,high school,standard,completed,58,52,54,09/07/2018,NO
female,group C,some college,standard,none,62,69,69,29/05/2018,NO
male,group E,associate's degree,standard,none,72,57,62,18/05/2018,SI
male,group C,some college,standard,none,84,87,81,15/07/2018,SI
female,group D,master's degree,standard,none,92,100,100,15/02/2018,NO
female,group D,high school,standard,none,45,63,59,04/11/2018,SI
male,group C,high school,standard,none,75,81,71,19/09/2018,SI
female,group A,some college,standard,none,56,58,64,03/04/2018,SI
female,group D,some high school,free/reduced,none,48,54,53,26/07/2018,NO
female,group E,associate's degree,standard,none,100,100,100,20/05/2018,SI
female,group C,some high school,free/reduced,completed,65,76,75,31/01/2018,SI
male,group D,some college,standard,none,72,57,58,22/05/2018,NO
female,group D,some college,standard,none,62,70,72,03/09/2018,SI
male,group A,some high school,standard,completed,66,68,64,31/07/2018,NO
male,group C,some college,standard,none,63,63,60,06/01/2018,SI
female,group E,associate's degree,standard,none,68,76,67,16/02/2018,SI
female,group B,bachelor's degree,standard,none,75,84,80,13/07/2018,NO
female,group D,bachelor's degree,standard,none,89,100,100,15/01/2018,NO
male,group C,some high school,standard,completed,78,72,69,22/01/2018,SI
female,group A,high school,free/reduced,completed,53,50,60,30/05/2018,SI
female,group D,some college,free/reduced,none,49,65,61,21/04/2018,NO
female,group A,some college,standard,none,54,63,67,30/07/2018,NO
female,group C,some college,standard,completed,64,82,77,09/09/2018,SI
male,group B,some college,free/reduced,completed,60,62,60,06/11/2018,SI
male,group C,associate's degree,standard,none,62,65,58,12/12/2018,NO
male,group D,high school,standard,completed,55,41,48,18/04/2018,SI
female,group C,associate's degree,standard,none,91,95,94,20/07/2018,SI
female,group B,high school,free/reduced,none,8,24,23,09/01/2018,NO
male,group D,some high school,standard,none,81,78,78,24/11/2018,NO
male,group B,some high school,standard,completed,79,85,86,10/05/2018,SI
female,group A,some college,standard,completed,78,87,91,10/05/2018,NO
female,group C,some high school,standard,none,74,75,82,05/06/2018,SI
male,group A,high school,standard,none,57,51,54,13/07/2018,NO
female,group C,associate's degree,standard,none,40,59,51,16/04/2018,NO
male,group E,some high school,standard,completed,81,75,76,29/07/2018,SI
female,group A,some high school,free/reduced,none,44,45,45,22/04/2018,NO
female,group D,some college,free/reduced,completed,67,86,83,08/04/2018,SI
male,group E,high school,free/reduced,completed,86,81,75,24/03/2018,SI
female,group B,some high school,standard,completed,65,82,78,16/11/2018,SI
female,group D,associate's degree,free/reduced,none,55,76,76,19/02/2018,NO
female,group D,bachelor's degree,free/reduced,none,62,72,74,04/09/2018,NO
male,group A,high school,standard,none,63,63,62,28/05/2018,SI
female,group E,master's degree,standard,completed,88,99,95,07/03/2018,SI
male,group C,high school,free/reduced,none,62,55,55,16/10/2018,NO
female,group C,high school,free/reduced,completed,59,71,65,19/12/2018,SI
female,group D,some college,standard,completed,68,78,77,22/07/2018,SI
female,group D,some college,free/reduced,none,77,86,86,05/01/2018,SI
